Fri Aug 21 11:13:53 IST 2020,g2ascqr,NEUTRAL,51
Fri Aug 21 17:12:45 IST 2020,g2be2sn,NEUTRAL,11
Fri Aug 21 18:50:04 IST 2020,g2bm8rc,NEUTRAL,4
Fri Aug 21 21:04:28 IST 2020,g2c196v,NEGATIVE,14
Fri Aug 21 21:22:15 IST 2020,g2c3n7d,NEUTRAL,5
Fri Aug 21 22:10:38 IST 2020,g2cafm8,NEGATIVE,6
Fri Aug 21 22:05:15 IST 2020,g2c9o7u,POSITIVE,1
Sat Aug 22 00:27:17 IST 2020,g2cs4jw,NEGATIVE,2
Fri Aug 21 18:19:56 IST 2020,g2bjg35,NEUTRAL,19
Fri Aug 21 22:21:11 IST 2020,g2cby7j,POSITIVE,3
Fri Aug 21 16:30:11 IST 2020,g2bb9dx,NEUTRAL,16
Fri Aug 21 18:40:27 IST 2020,g2blbrg,NEUTRAL,6
Fri Aug 21 23:36:24 IST 2020,g2clu9q,NEUTRAL,1
Sat Aug 22 06:28:35 IST 2020,g2dx7wm,NEUTRAL,2
Sat Aug 22 01:11:28 IST 2020,g2cxs2w,NEGATIVE,1
Sat Aug 22 06:35:22 IST 2020,g2dxwl4,NEUTRAL,4
Fri Aug 21 13:18:19 IST 2020,g2b0bt9,NEUTRAL,12
Sat Aug 22 06:11:13 IST 2020,g2dvgzo,NEGATIVE,3
Fri Aug 21 13:47:42 IST 2020,g2b206p,POSITIVE,4
Fri Aug 21 17:47:35 IST 2020,g2bgp7p,POSITIVE,7
Sat Aug 22 01:12:35 IST 2020,g2cxx1q,NEGATIVE,1
Fri Aug 21 11:09:36 IST 2020,g2as1hv,NEUTRAL,6
Fri Aug 21 11:13:32 IST 2020,g2asbrh,NEUTRAL,9
Fri Aug 21 11:19:39 IST 2020,g2asrtx,NEGATIVE,4
Fri Aug 21 12:56:41 IST 2020,g2az1zc,POSITIVE,6
Fri Aug 21 21:02:46 IST 2020,g2c11lv,NEGATIVE,6
Fri Aug 21 19:13:18 IST 2020,g2bokm3,NEUTRAL,7
Fri Aug 21 19:27:48 IST 2020,g2bq3il,POSITIVE,3
Fri Aug 21 19:54:54 IST 2020,g2bt3az,POSITIVE,3
Fri Aug 21 20:13:55 IST 2020,g2bv9pi,NEGATIVE,3
Fri Aug 21 21:15:09 IST 2020,g2c2o6h,NEGATIVE,3
Fri Aug 21 21:54:37 IST 2020,g2c85f1,NEUTRAL,3
Sat Aug 22 06:00:54 IST 2020,g2duf9g,POSITIVE,2
Fri Aug 21 22:17:05 IST 2020,g2cbd8f,NEGATIVE,3
Fri Aug 21 23:40:56 IST 2020,g2cme5w,NEUTRAL,3
Fri Aug 21 11:04:25 IST 2020,g2arnp9,NEUTRAL,8
Fri Aug 21 11:11:39 IST 2020,g2as6ut,NEUTRAL,0
Fri Aug 21 17:14:09 IST 2020,g2be6f4,NEGATIVE,5
Fri Aug 21 21:48:47 IST 2020,g2c7b2o,NEGATIVE,1
Fri Aug 21 11:25:34 IST 2020,g2at6th,NEUTRAL,0
Fri Aug 21 14:12:18 IST 2020,g2b3e6q,NEGATIVE,7
Fri Aug 21 22:18:56 IST 2020,g2cbmmq,NEUTRAL,2
Sat Aug 22 00:23:54 IST 2020,g2crpfr,NEUTRAL,2
Fri Aug 21 19:46:37 IST 2020,g2bs5yn,POSITIVE,2
Sat Aug 22 01:00:34 IST 2020,g2cwcf8,NEUTRAL,2
Sat Aug 22 04:59:53 IST 2020,g2do109,NEUTRAL,1
Sat Aug 22 01:21:57 IST 2020,g2cz2o8,POSITIVE,1
Fri Aug 21 17:45:37 IST 2020,g2bgjjg,NEUTRAL,1
Sat Aug 22 21:06:11 IST 2020,g2hd2uq,NEGATIVE,1
Thu Aug 20 08:31:43 IST 2020,g26bjyq,VERY_POSITIVE,6
Thu Aug 20 09:39:48 IST 2020,g26i43e,NEUTRAL,3
Thu Aug 20 10:53:00 IST 2020,g26ocem,NEUTRAL,6
Thu Aug 20 10:55:10 IST 2020,g26ohju,NEUTRAL,5
Thu Aug 20 11:51:19 IST 2020,g26shia,NEUTRAL,3
Thu Aug 20 09:19:18 IST 2020,g26g5ox,NEGATIVE,2
Thu Aug 20 09:34:51 IST 2020,g26hna3,NEUTRAL,2
Fri Aug 21 13:46:06 IST 2020,g2b1wy9,NEGATIVE,1
Fri Aug 21 23:12:05 IST 2020,g2ciswv,NEGATIVE,1
Thu Aug 20 20:17:41 IST 2020,g27ugi6,NEUTRAL,1
Thu Aug 20 20:21:16 IST 2020,g27uw2z,NEUTRAL,1
Fri Aug 21 18:24:00 IST 2020,g2bjtdh,NEGATIVE,1
Thu Aug 20 23:04:30 IST 2020,g28frci,NEUTRAL,0
Thu Aug 20 23:06:04 IST 2020,g28fytk,NEUTRAL,1
Thu Aug 20 23:15:32 IST 2020,g28h7o7,POSITIVE,1
Mon Aug 17 19:31:53 IST 2020,g1uwen1,NEUTRAL,25
Mon Aug 17 21:39:17 IST 2020,g1vjcux,NEUTRAL,9
Tue Aug 18 00:54:38 IST 2020,g1wb8uk,NEGATIVE,1
Tue Aug 18 01:18:26 IST 2020,g1wf3aq,NEGATIVE,5
Mon Aug 17 19:31:47 IST 2020,g1uwe3k,NEUTRAL,15
Tue Aug 18 00:39:42 IST 2020,g1w8vo5,NEUTRAL,1
Tue Aug 18 01:20:25 IST 2020,g1wfftw,NEGATIVE,1
Wed Aug 19 01:15:37 IST 2020,g20v53x,NEUTRAL,1
Wed Aug 19 01:29:39 IST 2020,g20x5qq,NEUTRAL,2
Wed Aug 19 02:05:59 IST 2020,g2121ob,NEUTRAL,1
Tue Aug 18 11:21:31 IST 2020,g1yecb1,NEGATIVE,0
Tue Aug 18 15:51:22 IST 2020,g1yunwu,POSITIVE,1
Tue Aug 18 20:16:46 IST 2020,g1zimtu,NEUTRAL,1
Wed Aug 19 02:11:48 IST 2020,g212sun,NEGATIVE,1
Mon Aug 17 21:54:10 IST 2020,g1vlp6u,NEGATIVE,7
Tue Aug 18 05:21:53 IST 2020,g1xeiz2,NEUTRAL,2
Tue Aug 18 08:44:49 IST 2020,g1y0nof,NEUTRAL,1
Tue Aug 18 14:56:36 IST 2020,g1yrirb,POSITIVE,1
Tue Aug 18 00:01:10 IST 2020,g1w3fbl,NEUTRAL,2
Mon Aug 17 21:42:21 IST 2020,g1vju6h,NEGATIVE,2
Mon Aug 17 21:55:15 IST 2020,g1vlulk,NEUTRAL,1
Mon Aug 17 23:03:17 IST 2020,g1vvyou,NEGATIVE,1
Mon Aug 17 23:05:30 IST 2020,g1vw8nb,NEGATIVE,1
Mon Aug 17 23:13:05 IST 2020,g1vx799,NEUTRAL,1
Tue Aug 18 01:00:27 IST 2020,g1wc5op,NEUTRAL,1
Tue Aug 18 03:00:22 IST 2020,g1wxrwh,NEUTRAL,1
Tue Aug 18 05:04:45 IST 2020,g1xcnqf,POSITIVE,1
Tue Aug 18 07:02:53 IST 2020,g1xphl7,NEUTRAL,1
Tue Aug 18 11:08:37 IST 2020,g1ydep9,NEUTRAL,1
Tue Aug 18 01:38:35 IST 2020,g1winpm,NEUTRAL,2
Tue Aug 18 02:18:00 IST 2020,g1wprdp,NEGATIVE,1
Tue Aug 18 02:11:23 IST 2020,g1wogm6,NEUTRAL,0
Mon Aug 17 20:17:06 IST 2020,g1v4752,NEUTRAL,-2
Mon Aug 17 20:39:26 IST 2020,g1v8kro,NEUTRAL,1
Mon Aug 17 20:29:42 IST 2020,g1v6nfb,NEGATIVE,0
Mon Aug 17 15:31:02 IST 2020,g1ttr8m,NEUTRAL,27
Tue Aug 18 07:58:02 IST 2020,g1xvlgk,NEUTRAL,1
Mon Aug 17 15:00:16 IST 2020,g1tpecy,NEGATIVE,9
Wed Aug 19 02:46:14 IST 2020,g2172na,NEGATIVE,1
Wed Aug 19 06:15:48 IST 2020,g21v560,POSITIVE,1
Mon Aug 17 16:03:30 IST 2020,g1tydyh,NEGATIVE,1
Mon Aug 17 19:52:16 IST 2020,g1uzfzg,NEUTRAL,7
Tue Aug 18 06:11:06 IST 2020,g1xjwse,NEUTRAL,1
Tue Aug 18 06:12:24 IST 2020,g1xk1wz,NEUTRAL,2
Tue Aug 18 06:30:00 IST 2020,g1xlxc5,NEUTRAL,1
Tue Aug 18 07:51:52 IST 2020,g1xuwkw,NEGATIVE,2
Tue Aug 18 07:56:46 IST 2020,g1xvgbp,NEUTRAL,1
Tue Aug 18 08:27:52 IST 2020,g1xyvse,NEUTRAL,1
Tue Aug 18 07:59:36 IST 2020,g1xvrjy,POSITIVE,1
Tue Aug 18 08:59:09 IST 2020,g1y24h4,POSITIVE,2
Sat Aug 15 01:22:34 IST 2020,g1h80lt,NEUTRAL,84
Sat Aug 15 02:03:04 IST 2020,g1hd7bt,NEUTRAL,19
Sat Aug 15 08:23:18 IST 2020,g1ijw4y,NEGATIVE,1
Sat Aug 15 09:25:20 IST 2020,g1iro52,NEUTRAL,4
Sat Aug 15 12:26:32 IST 2020,g1jgwob,NEUTRAL,5
Sat Aug 15 01:56:28 IST 2020,g1hcdaz,NEUTRAL,6
Sat Aug 15 09:17:14 IST 2020,g1iqgro,NEGATIVE,3
Sat Aug 15 23:42:47 IST 2020,g1mnv4z,NEGATIVE,2
Sat Aug 15 23:50:38 IST 2020,g1mpixq,NEGATIVE,5
Tue Aug 18 01:24:45 IST 2020,g1wg7gz,NEUTRAL,3
Sat Aug 15 06:37:20 IST 2020,g1i92pt,NEGATIVE,2
Sat Aug 15 22:35:07 IST 2020,g1m94pc,NEUTRAL,1
Sat Aug 15 22:47:44 IST 2020,g1mbzbb,NEGATIVE,1
Tue Aug 18 01:23:59 IST 2020,g1wg2of,NEGATIVE,1
Tue Aug 18 01:40:53 IST 2020,g1wj25s,NEUTRAL,1
Sat Aug 15 02:18:15 IST 2020,g1hf7zv,NEGATIVE,18
Sat Aug 15 05:43:22 IST 2020,g1i3e70,NEUTRAL,2
Sat Aug 15 10:13:40 IST 2020,g1iykfm,NEGATIVE,2
Sat Aug 15 12:21:35 IST 2020,g1jg6x0,NEUTRAL,2
Sun Aug 16 01:41:40 IST 2020,g1n9eng,POSITIVE,1
Sat Aug 15 08:31:12 IST 2020,g1ikmoj,NEGATIVE,1
Sat Aug 15 01:23:08 IST 2020,g1h83c2,NEUTRAL,8
Sat Aug 15 03:20:09 IST 2020,g1hmztj,NEGATIVE,5
Sat Aug 15 02:08:11 IST 2020,g1hdu7g,NEUTRAL,1
Sat Aug 15 02:10:44 IST 2020,g1he637,POSITIVE,6
Sat Aug 15 10:34:22 IST 2020,g1j1gdx,NEUTRAL,1
Sat Aug 15 13:24:01 IST 2020,g1jppjw,NEGATIVE,1
Sat Aug 15 01:32:23 IST 2020,g1h9axn,POSITIVE,7
Sat Aug 15 02:04:03 IST 2020,g1hdbmw,NEUTRAL,3
Sat Aug 15 02:31:13 IST 2020,g1hgy6g,NEGATIVE,5
Sat Aug 15 01:52:57 IST 2020,g1hbx36,NEUTRAL,2
Sat Aug 15 02:12:13 IST 2020,g1hed79,NEUTRAL,4
Sat Aug 15 02:17:54 IST 2020,g1hf6au,NEGATIVE,3
Sun Aug 16 22:43:31 IST 2020,g1r2emy,NEUTRAL,2
Sat Aug 15 03:34:29 IST 2020,g1hophq,NEUTRAL,2
Sat Aug 15 01:20:27 IST 2020,g1h7qm5,NEGATIVE,1
Sat Aug 15 02:36:14 IST 2020,g1hhl3v,NEUTRAL,2
Sat Aug 15 01:36:04 IST 2020,g1h9rlc,POSITIVE,1
Sat Aug 15 02:03:04 IST 2020,g1hd7cx,POSITIVE,1
Sat Aug 15 03:36:53 IST 2020,g1hozki,NEUTRAL,1
Sat Aug 15 04:04:08 IST 2020,g1hs5u7,POSITIVE,1
Sat Aug 15 04:20:59 IST 2020,g1hu4fe,NEUTRAL,1
Sat Aug 15 04:48:51 IST 2020,g1hxbjh,POSITIVE,1
Sat Aug 15 08:59:52 IST 2020,g1io3ma,NEUTRAL,1
Sun Aug 16 06:11:58 IST 2020,g1opxew,NEGATIVE,1
Sat Aug 15 01:30:15 IST 2020,g1h911m,NEUTRAL,-8
Sat Aug 15 02:12:59 IST 2020,g1heh8j,NEUTRAL,3
Sat Aug 15 02:14:38 IST 2020,g1hepc6,NEGATIVE,-1
Wed Aug 12 02:35:33 IST 2020,g155s9q,NEUTRAL,221
Wed Aug 12 02:37:51 IST 2020,g1563i1,NEUTRAL,84
Wed Aug 12 03:29:36 IST 2020,g15d0u2,NEUTRAL,75
Wed Aug 12 12:27:03 IST 2020,g16w9zu,NEGATIVE,85
Wed Aug 12 18:24:58 IST 2020,g17jrxf,NEUTRAL,35
Wed Aug 12 04:16:24 IST 2020,g15iypg,NEUTRAL,9
Wed Aug 12 05:44:34 IST 2020,g15tle6,NEUTRAL,33
Wed Aug 12 04:59:14 IST 2020,g15o8db,NEUTRAL,10
Wed Aug 12 12:04:42 IST 2020,g16utep,NEUTRAL,1
Wed Aug 12 14:37:59 IST 2020,g1744nx,NEUTRAL,2
Wed Aug 12 17:07:38 IST 2020,g17dgrx,NEUTRAL,1
Wed Aug 12 02:44:10 IST 2020,g156xxe,NEUTRAL,141
Wed Aug 12 02:49:23 IST 2020,g157o8a,NEUTRAL,89
Wed Aug 12 03:36:37 IST 2020,g15dxgn,NEUTRAL,48
Wed Aug 12 04:02:26 IST 2020,g15h7we,NEUTRAL,31
Wed Aug 12 06:21:38 IST 2020,g15xyjd,NEUTRAL,27
Wed Aug 12 08:26:58 IST 2020,g16c3y2,NEUTRAL,22
Wed Aug 12 10:30:18 IST 2020,g16nt5u,NEUTRAL,13
Fri Aug 14 20:55:46 IST 2020,g1g7sjj,NEUTRAL,2
Wed Aug 12 03:50:21 IST 2020,g15fope,NEGATIVE,5
Wed Aug 12 04:46:53 IST 2020,g15mq2m,NEUTRAL,2
Wed Aug 12 05:12:20 IST 2020,g15pstr,NEUTRAL,4
Wed Aug 12 07:42:20 IST 2020,g1678gi,NEUTRAL,2
Wed Aug 12 16:40:24 IST 2020,g17bkg4,NEGATIVE,2
Wed Aug 12 04:32:11 IST 2020,g15kxg9,NEUTRAL,5
Wed Aug 12 06:40:59 IST 2020,g16087f,NEUTRAL,40
Wed Aug 12 16:58:26 IST 2020,g17csue,NEUTRAL,6
Wed Aug 12 18:23:49 IST 2020,g17jo1e,NEGATIVE,2
Wed Aug 12 02:49:35 IST 2020,g157pb7,NEUTRAL,106
Wed Aug 12 07:15:22 IST 2020,g16486s,NEUTRAL,23
Wed Aug 12 08:18:54 IST 2020,g16b8r8,NEUTRAL,16
Wed Aug 12 22:23:48 IST 2020,g18bmfc,NEGATIVE,14
Wed Aug 12 23:47:50 IST 2020,g18n9ev,POSITIVE,10
Thu Aug 13 21:52:09 IST 2020,g1cb41z,NEGATIVE,2
Wed Aug 12 02:36:45 IST 2020,g155y4p,POSITIVE,74
Wed Aug 12 02:39:36 IST 2020,g156bs7,NEGATIVE,31
Wed Aug 12 04:41:44 IST 2020,g15m3co,NEGATIVE,34
Wed Aug 12 10:45:19 IST 2020,g16p10g,NEGATIVE,15
Thu Aug 13 20:46:30 IST 2020,g1c2jz5,POSITIVE,2
Wed Aug 12 02:42:04 IST 2020,g156npa,POSITIVE,69
Wed Aug 12 02:49:08 IST 2020,g157mzo,NEGATIVE,35
Wed Aug 12 04:43:55 IST 2020,g15mcx6,NEUTRAL,16
Wed Aug 12 05:48:08 IST 2020,g15u0fg,POSITIVE,12
Thu Aug 13 05:49:21 IST 2020,g19wuct,NEGATIVE,3
Wed Aug 12 14:03:27 IST 2020,g17256m,NEGATIVE,5
Thu Aug 13 11:54:55 IST 2020,g1aw9n3,POSITIVE,2
Wed Aug 12 07:56:01 IST 2020,g168rjo,NEUTRAL,4
Wed Aug 12 02:46:29 IST 2020,g1579hx,NEUTRAL,100
Wed Aug 12 03:08:47 IST 2020,g15aa56,NEUTRAL,44
Thu Aug 13 18:52:59 IST 2020,g1bppbi,NEUTRAL,7
Wed Aug 12 02:49:38 IST 2020,g157ply,NEGATIVE,159
Wed Aug 12 03:16:27 IST 2020,g15barr,NEGATIVE,72
Wed Aug 12 03:19:16 IST 2020,g15bo7f,POSITIVE,28
Wed Aug 12 03:17:49 IST 2020,g15bh7a,NEUTRAL,27
Wed Aug 12 03:24:09 IST 2020,g15cb9c,NEGATIVE,59
Wed Aug 12 03:25:39 IST 2020,g15cifv,NEUTRAL,90
Wed Aug 12 03:27:52 IST 2020,g15cssk,NEUTRAL,15
Wed Aug 12 03:44:31 IST 2020,g15expj,POSITIVE,16
Wed Aug 12 08:04:41 IST 2020,g169p99,NEUTRAL,4
Wed Aug 12 12:53:52 IST 2020,g16xzm7,NEUTRAL,1
Wed Aug 12 03:50:22 IST 2020,g15fose,NEUTRAL,6
Wed Aug 12 04:43:56 IST 2020,g15mczj,NEGATIVE,9
Wed Aug 12 04:39:04 IST 2020,g15lrlu,NEUTRAL,5
Wed Aug 12 08:38:08 IST 2020,g16da3m,NEUTRAL,1
Wed Aug 12 03:31:49 IST 2020,g15db76,POSITIVE,9
Wed Aug 12 03:52:52 IST 2020,g15g09o,NEGATIVE,5
Wed Aug 12 05:41:36 IST 2020,g15t906,NEGATIVE,1
Wed Aug 12 03:52:17 IST 2020,g15fxje,NEUTRAL,2
Wed Aug 12 03:26:13 IST 2020,g15cl3e,NEGATIVE,10
Wed Aug 12 02:56:07 IST 2020,g158lmc,NEUTRAL,7
Wed Aug 12 02:48:10 IST 2020,g157i5d,NEUTRAL,14
Wed Aug 12 02:53:58 IST 2020,g158b8o,NEUTRAL,33
Wed Aug 12 03:49:42 IST 2020,g15flpp,NEUTRAL,1
Wed Aug 12 03:24:04 IST 2020,g15caus,NEUTRAL,7
Wed Aug 12 04:56:49 IST 2020,g15nxt4,NEUTRAL,8
Wed Aug 12 07:18:36 IST 2020,g164kzs,POSITIVE,4
Thu Aug 13 21:58:39 IST 2020,g1cbzjs,NEGATIVE,2
Wed Aug 12 14:14:23 IST 2020,g172rwa,POSITIVE,1
Wed Aug 12 02:55:32 IST 2020,g158iru,POSITIVE,4
Wed Aug 12 04:49:49 IST 2020,g15n2xk,POSITIVE,1
Wed Aug 12 05:15:05 IST 2020,g15q4q6,NEUTRAL,1
Wed Aug 12 02:53:06 IST 2020,g158715,NEUTRAL,6
Wed Aug 12 02:50:44 IST 2020,g157v7m,NEGATIVE,6
Wed Aug 12 04:29:42 IST 2020,g15kmm8,NEUTRAL,2
Thu Aug 13 07:55:48 IST 2020,g1ab1ak,NEUTRAL,2
Wed Aug 12 06:34:39 IST 2020,g15zhl7,NEGATIVE,1
Wed Aug 12 06:38:30 IST 2020,g15zxun,NEGATIVE,3
Wed Aug 12 07:02:31 IST 2020,g162sfc,NEUTRAL,1
Wed Aug 12 06:52:34 IST 2020,g161lvg,NEUTRAL,1
Wed Aug 12 02:39:52 IST 2020,g156d2z,NEGATIVE,43
Wed Aug 12 02:44:42 IST 2020,g1570ff,POSITIVE,86
Wed Aug 12 04:15:01 IST 2020,g15ishy,NEGATIVE,72
Wed Aug 12 04:16:38 IST 2020,g15izqs,NEUTRAL,63
Wed Aug 12 05:01:26 IST 2020,g15ohu2,POSITIVE,35
Wed Aug 12 22:32:13 IST 2020,g18cqyx,NEUTRAL,2
Wed Aug 12 20:22:31 IST 2020,g17w4m6,POSITIVE,5
Wed Aug 12 08:28:52 IST 2020,g16cb86,NEUTRAL,3
Wed Aug 12 03:32:41 IST 2020,g15dfbo,NEGATIVE,49
Wed Aug 12 04:48:49 IST 2020,g15mylb,NEUTRAL,30
Wed Aug 12 06:08:41 IST 2020,g15wf3q,NEUTRAL,10
Wed Aug 12 18:39:55 IST 2020,g17l5xl,NEUTRAL,2
Wed Aug 12 02:43:07 IST 2020,g156su5,NEUTRAL,24
Wed Aug 12 02:48:05 IST 2020,g157hog,NEUTRAL,21
Wed Aug 12 02:51:57 IST 2020,g1581h0,NEGATIVE,11
Wed Aug 12 02:55:14 IST 2020,g158h8l,NEUTRAL,27
Wed Aug 12 07:08:08 IST 2020,g163fie,POSITIVE,2
Wed Aug 12 02:56:17 IST 2020,g158mey,POSITIVE,5
Wed Aug 12 02:43:07 IST 2020,g156sud,POSITIVE,4
Wed Aug 12 02:47:03 IST 2020,g157ce6,NEUTRAL,5
Wed Aug 12 02:57:29 IST 2020,g158s6b,NEUTRAL,7
Wed Aug 12 03:00:03 IST 2020,g1594iu,POSITIVE,8
Wed Aug 12 03:16:24 IST 2020,g15bako,NEUTRAL,3
Wed Aug 12 03:17:15 IST 2020,g15begw,POSITIVE,2
Wed Aug 12 07:21:04 IST 2020,g164uyz,NEGATIVE,2
Wed Aug 12 09:45:54 IST 2020,g16jy5x,NEUTRAL,2
Wed Aug 12 20:53:01 IST 2020,g17zqeb,NEGATIVE,2
Wed Aug 12 08:19:01 IST 2020,g16b97c,NEGATIVE,1
Wed Aug 12 02:45:40 IST 2020,g1575bk,NEUTRAL,2
Wed Aug 12 07:33:11 IST 2020,g1667uj,NEUTRAL,1
Wed Aug 12 11:09:46 IST 2020,g16qxe5,NEUTRAL,1
Wed Aug 12 03:38:13 IST 2020,g15e4uu,POSITIVE,37
Sun Aug 16 20:14:28 IST 2020,g1qm8lk,NEGATIVE,2
Wed Aug 12 04:42:19 IST 2020,g15m5w1,NEGATIVE,32
Wed Aug 12 06:44:38 IST 2020,g160nsy,NEUTRAL,18
Wed Aug 12 02:35:21 IST 2020,g155rbs,NEGATIVE,9
Wed Aug 12 17:55:07 IST 2020,g17h611,NEUTRAL,1
Wed Aug 12 19:50:13 IST 2020,g17sg2b,NEGATIVE,4
Wed Aug 12 23:54:15 IST 2020,g18o5hs,NEUTRAL,2
Wed Aug 12 02:55:17 IST 2020,g158hjs,NEUTRAL,19
Wed Aug 12 04:08:32 IST 2020,g15hzbt,NEGATIVE,9
Wed Aug 12 13:02:09 IST 2020,g16yi3a,NEUTRAL,5
Wed Aug 12 09:25:01 IST 2020,g16hzbe,POSITIVE,2
Wed Aug 12 06:09:44 IST 2020,g15wjl6,NEUTRAL,7
Wed Aug 12 03:01:22 IST 2020,g159avx,POSITIVE,12
Wed Aug 12 04:46:36 IST 2020,g15morw,NEUTRAL,8
Wed Aug 12 06:27:55 IST 2020,g15ypal,POSITIVE,3
Wed Aug 12 02:51:53 IST 2020,g15815m,NEUTRAL,15
Wed Aug 12 02:54:07 IST 2020,g158bxg,NEUTRAL,64
Wed Aug 12 03:34:26 IST 2020,g15dndr,POSITIVE,17
Wed Aug 12 02:54:15 IST 2020,g158cm7,NEUTRAL,7
Wed Aug 12 02:43:50 IST 2020,g156wbz,NEGATIVE,13
Wed Aug 12 02:45:39 IST 2020,g15757z,NEUTRAL,43
Wed Aug 12 02:49:58 IST 2020,g157r9a,NEUTRAL,11
Wed Aug 12 02:51:22 IST 2020,g157yg0,POSITIVE,21
Wed Aug 12 02:58:50 IST 2020,g158yq3,POSITIVE,2
Wed Aug 12 04:24:51 IST 2020,g15k0fz,NEGATIVE,7
Wed Aug 12 21:15:32 IST 2020,g182hqu,NEGATIVE,7
Wed Aug 12 07:42:21 IST 2020,g1678k3,POSITIVE,4
Wed Aug 12 23:38:38 IST 2020,g18lzzp,NEGATIVE,2
Thu Aug 13 00:33:49 IST 2020,g18tm0e,NEUTRAL,3
Thu Aug 13 00:34:25 IST 2020,g18tp0k,NEUTRAL,2
Wed Aug 12 08:55:51 IST 2020,g16f3gq,NEGATIVE,1
Wed Aug 12 10:56:30 IST 2020,g16pwpu,NEGATIVE,4
Wed Aug 12 03:26:17 IST 2020,g15cle6,POSITIVE,6
Wed Aug 12 03:39:22 IST 2020,g15ea08,NEUTRAL,5
Wed Aug 12 03:40:50 IST 2020,g15egtm,NEUTRAL,3
Wed Aug 12 12:18:19 IST 2020,g16vpk4,NEUTRAL,4
Wed Aug 12 04:26:14 IST 2020,g15k6tp,NEUTRAL,3
Wed Aug 12 04:57:37 IST 2020,g15o19o,NEUTRAL,3
Sun Aug 16 09:26:06 IST 2020,g1pd1dt,NEUTRAL,2
Wed Aug 12 07:33:07 IST 2020,g1667lv,NEUTRAL,3
Wed Aug 12 11:06:17 IST 2020,g16qnto,NEGATIVE,5
Wed Aug 12 13:11:55 IST 2020,g16z43y,NEUTRAL,1
Wed Aug 12 03:11:44 IST 2020,g15ao87,NEGATIVE,3
Wed Aug 12 05:27:26 IST 2020,g15rkuh,NEUTRAL,2
Wed Aug 12 06:29:59 IST 2020,g15yy6a,POSITIVE,3
Wed Aug 12 07:15:47 IST 2020,g1649vu,NEUTRAL,2
Wed Aug 12 07:26:08 IST 2020,g165fez,POSITIVE,2
Wed Aug 12 17:46:10 IST 2020,g17gf9c,NEUTRAL,2
Wed Aug 12 21:20:03 IST 2020,g1831zm,NEGATIVE,2
Wed Aug 12 19:59:35 IST 2020,g17ti9f,NEUTRAL,2
Thu Aug 13 13:59:10 IST 2020,g1b4byj,NEUTRAL,2
Sun Aug 16 04:43:17 IST 2020,g1o8a9d,NEGATIVE,2
Mon Aug 17 05:21:42 IST 2020,g1sb4tg,NEUTRAL,2
Wed Aug 19 21:24:35 IST 2020,g243ej6,NEUTRAL,2
Wed Aug 12 04:53:47 IST 2020,g15nkjk,NEUTRAL,2
Wed Aug 12 05:31:43 IST 2020,g15s39o,POSITIVE,3
Wed Aug 12 05:36:34 IST 2020,g15snq1,NEUTRAL,1
Wed Aug 12 05:53:43 IST 2020,g15uo2y,NEUTRAL,3
Wed Aug 12 06:08:21 IST 2020,g15wdow,NEUTRAL,2
Wed Aug 12 05:20:24 IST 2020,g15qr3p,NEUTRAL,1
Wed Aug 12 05:33:03 IST 2020,g15s8yz,NEUTRAL,1
Wed Aug 12 06:16:14 IST 2020,g15xb4a,NEGATIVE,3
Wed Aug 12 13:07:37 IST 2020,g16yuho,NEUTRAL,2
Wed Aug 12 17:01:00 IST 2020,g17czgy,NEUTRAL,1
Wed Aug 12 05:46:51 IST 2020,g15tuxp,NEUTRAL,2
Wed Aug 12 07:45:02 IST 2020,g167jf1,NEGATIVE,2
Wed Aug 12 08:42:54 IST 2020,g16dro2,NEUTRAL,2
Wed Aug 12 10:04:32 IST 2020,g16lmc3,NEGATIVE,1
Wed Aug 12 13:12:51 IST 2020,g16z67z,POSITIVE,1
Wed Aug 12 21:42:21 IST 2020,g185vzy,NEGATIVE,2
Wed Aug 12 06:55:11 IST 2020,g161xgl,NEUTRAL,1
Tue Aug 11 03:59:37 IST 2020,g11icbz,NEUTRAL,104
Tue Aug 11 08:20:38 IST 2020,g12aoow,NEUTRAL,23
Tue Aug 11 16:12:48 IST 2020,g138ezy,NEUTRAL,6
Tue Aug 11 03:49:39 IST 2020,g11h4m0,POSITIVE,56
Tue Aug 11 04:01:58 IST 2020,g11im5p,POSITIVE,33
Tue Aug 11 06:29:19 IST 2020,g11yw0i,NEUTRAL,12
Tue Aug 11 09:41:57 IST 2020,g12iils,POSITIVE,6
Tue Aug 11 09:54:29 IST 2020,g12jm01,NEGATIVE,3
Tue Aug 11 09:55:39 IST 2020,g12jpi2,NEGATIVE,3
Tue Aug 11 10:00:44 IST 2020,g12k54f,NEGATIVE,2
Tue Aug 11 10:04:15 IST 2020,g12kfmt,NEGATIVE,2
Tue Aug 11 19:35:59 IST 2020,g13pftp,NEGATIVE,1
Tue Aug 11 19:38:03 IST 2020,g13pnuu,NEUTRAL,1
Tue Aug 11 10:50:30 IST 2020,g12o504,NEUTRAL,1
Tue Aug 11 10:50:26 IST 2020,g12o4tl,POSITIVE,3
Tue Aug 11 08:23:45 IST 2020,g12azwn,POSITIVE,1
Tue Aug 11 09:16:11 IST 2020,g12g4z8,NEUTRAL,1
Tue Aug 11 09:58:59 IST 2020,g12jzts,POSITIVE,1
Tue Aug 11 10:36:20 IST 2020,g12n1r8,NEGATIVE,1
Tue Aug 11 10:39:35 IST 2020,g12nath,NEGATIVE,1
Tue Aug 11 11:18:56 IST 2020,g12q89r,NEGATIVE,1
Tue Aug 11 14:45:05 IST 2020,g13358y,NEUTRAL,2
Tue Aug 11 14:48:16 IST 2020,g133c93,NEUTRAL,1
Thu Aug 13 01:15:44 IST 2020,g18z2il,NEUTRAL,3
Tue Aug 11 06:19:43 IST 2020,g11xv8n,NEUTRAL,8
Tue Aug 11 09:47:48 IST 2020,g12j12t,NEGATIVE,3
Tue Aug 11 09:53:26 IST 2020,g12jipj,NEUTRAL,7
Tue Aug 11 06:48:06 IST 2020,g120w43,NEGATIVE,2
Tue Aug 11 19:14:36 IST 2020,g13n65m,NEUTRAL,2
Tue Aug 11 12:34:30 IST 2020,g12vbts,POSITIVE,1
Tue Aug 11 13:20:07 IST 2020,g12y5gn,NEUTRAL,1
Tue Aug 11 19:10:24 IST 2020,g13mqh5,NEUTRAL,1
Tue Aug 11 19:34:02 IST 2020,g13p8ds,POSITIVE,3
Tue Aug 11 04:53:21 IST 2020,g11oj48,NEUTRAL,39
Tue Aug 11 08:25:40 IST 2020,g12b6vw,NEGATIVE,4
Tue Aug 11 22:41:10 IST 2020,g14bao9,NEUTRAL,3
Wed Aug 12 02:51:53 IST 2020,g158150,NEGATIVE,1
Tue Aug 11 08:34:33 IST 2020,g12c35j,NEGATIVE,6
Tue Aug 11 09:54:15 IST 2020,g12jlcn,POSITIVE,2
Tue Aug 11 05:14:29 IST 2020,g11qv0r,NEUTRAL,12
Tue Aug 11 06:28:48 IST 2020,g11ytza,NEUTRAL,9
Tue Aug 11 06:30:12 IST 2020,g11yzgc,NEUTRAL,6
Tue Aug 11 09:30:07 IST 2020,g12hghr,NEGATIVE,4
Tue Aug 11 09:35:17 IST 2020,g12hxb6,POSITIVE,2
Tue Aug 11 11:45:09 IST 2020,g12s26c,NEUTRAL,3
Tue Aug 11 11:46:36 IST 2020,g12s5n9,NEGATIVE,3
Tue Aug 11 22:43:28 IST 2020,g14bl4o,NEUTRAL,2
Wed Aug 12 00:58:25 IST 2020,g14sviq,POSITIVE,1
Tue Aug 11 09:47:15 IST 2020,g12ize3,NEUTRAL,5
Tue Aug 11 13:48:42 IST 2020,g12zuj1,POSITIVE,5
Tue Aug 11 18:26:24 IST 2020,g13ih7l,NEUTRAL,2
Tue Aug 11 18:27:33 IST 2020,g13il0b,NEUTRAL,1
Tue Aug 11 22:53:19 IST 2020,g14cu7c,NEUTRAL,1
Tue Aug 11 04:20:47 IST 2020,g11ktkr,NEUTRAL,16
Tue Aug 11 08:09:49 IST 2020,g129kym,NEGATIVE,3
Tue Aug 11 22:45:50 IST 2020,g14bvrr,NEGATIVE,1
Tue Aug 11 07:06:37 IST 2020,g122vj1,POSITIVE,7
Tue Aug 11 16:21:36 IST 2020,g138z3c,NEUTRAL,2
Tue Aug 11 22:52:45 IST 2020,g14crhe,NEUTRAL,1
Tue Aug 11 07:54:54 IST 2020,g1281oq,NEUTRAL,7
Tue Aug 11 05:18:44 IST 2020,g11rbml,NEUTRAL,4
Tue Aug 11 05:57:55 IST 2020,g11vj96,NEUTRAL,6
Tue Aug 11 07:09:00 IST 2020,g1234n8,NEUTRAL,5
Tue Aug 11 07:23:08 IST 2020,g124ng5,NEUTRAL,3
Tue Aug 11 09:57:08 IST 2020,g12ju2j,POSITIVE,4
Tue Aug 11 18:29:07 IST 2020,g13iq4m,NEGATIVE,3
Tue Aug 11 09:19:12 IST 2020,g12gfvn,NEUTRAL,5
Tue Aug 11 07:37:46 IST 2020,g1268df,NEUTRAL,5
Tue Aug 11 08:07:59 IST 2020,g129e8s,NEUTRAL,4
Tue Aug 11 09:27:09 IST 2020,g12h6ru,NEUTRAL,3
Tue Aug 11 23:27:51 IST 2020,g14h8zz,NEGATIVE,2
Wed Aug 12 03:39:06 IST 2020,g15e8rx,NEGATIVE,2
Thu Aug 13 01:13:45 IST 2020,g18yt8l,NEGATIVE,2
Tue Aug 11 15:06:15 IST 2020,g134euy,NEUTRAL,2
Tue Aug 11 22:27:41 IST 2020,g149lst,POSITIVE,1
Wed Aug 12 01:20:54 IST 2020,g14vtha,NEUTRAL,3
Tue Aug 11 22:56:42 IST 2020,g14d9qw,NEUTRAL,2
Wed Aug 12 00:28:56 IST 2020,g14p1bf,NEUTRAL,2
Wed Aug 12 18:21:47 IST 2020,g17jhgf,NEGATIVE,1
Wed Aug 12 21:51:55 IST 2020,g1877vt,POSITIVE,1
Tue Aug 11 04:22:03 IST 2020,g11kyz8,NEUTRAL,-5
Tue Aug 11 04:34:17 IST 2020,g11mddv,NEUTRAL,7
Tue Aug 11 04:35:02 IST 2020,g11mgk4,NEGATIVE,5
Fri Aug 07 21:41:24 IST 2020,g0ozf5p,NEUTRAL,29
Fri Aug 07 22:09:05 IST 2020,g0p2xm4,NEGATIVE,11
Sat Aug 08 01:43:04 IST 2020,g0pu9be,NEGATIVE,4
Sat Aug 08 01:44:55 IST 2020,g0puhbh,NEUTRAL,2
Sat Aug 08 01:46:00 IST 2020,g0pum9b,NEGATIVE,5
Sat Aug 08 17:57:29 IST 2020,g0s7mfq,POSITIVE,2
Fri Aug 07 20:15:16 IST 2020,g0onb7p,NEGATIVE,10
Fri Aug 07 20:42:54 IST 2020,g0ore5r,NEUTRAL,3
Fri Aug 07 20:50:29 IST 2020,g0ose5t,NEUTRAL,14
Fri Aug 07 21:05:52 IST 2020,g0ouhya,NEUTRAL,5
Fri Aug 07 21:15:02 IST 2020,g0ovsap,NEUTRAL,3
Fri Aug 07 20:46:04 IST 2020,g0ortan,POSITIVE,7
Fri Aug 07 22:08:29 IST 2020,g0p2uvj,NEGATIVE,1
Sat Aug 08 00:46:04 IST 2020,g0pn2qm,NEUTRAL,6
Sat Aug 08 03:37:15 IST 2020,g0q89ze,POSITIVE,1
Sun Aug 09 21:25:51 IST 2020,g0wgkca,NEUTRAL,1
Sun Aug 09 16:56:43 IST 2020,g0vs94p,NEGATIVE,3
Sun Aug 09 18:37:58 IST 2020,g0vzsms,NEUTRAL,2
Sun Aug 09 19:48:02 IST 2020,g0w6e9y,NEUTRAL,2
Sun Aug 09 20:38:27 IST 2020,g0wbh2u,POSITIVE,1
Sun Aug 09 21:37:51 IST 2020,g0whuqf,NEUTRAL,3
Sun Aug 09 21:39:36 IST 2020,g0wi1kg,NEGATIVE,1
Thu Aug 06 04:31:09 IST 2020,g0hz5s4,NEGATIVE,8
Thu Aug 06 05:04:23 IST 2020,g0i2yq0,NEUTRAL,5
Thu Aug 06 06:38:52 IST 2020,g0idikm,NEGATIVE,2
Thu Aug 06 06:39:37 IST 2020,g0idlj1,NEGATIVE,1
Thu Aug 06 06:48:45 IST 2020,g0ielzo,NEGATIVE,3
Thu Aug 06 07:31:26 IST 2020,g0ijcx4,NEUTRAL,1
Thu Aug 06 07:32:32 IST 2020,g0ijhg7,NEGATIVE,1
Thu Aug 06 01:45:03 IST 2020,g0hekr5,NEUTRAL,2
Thu Aug 06 01:52:12 IST 2020,g0hfkrd,NEUTRAL,2
Thu Aug 06 02:06:29 IST 2020,g0hhfae,NEUTRAL,1
Thu Aug 06 12:04:54 IST 2020,g0j7z4x,NEUTRAL,1
Thu Aug 06 02:41:20 IST 2020,g0hlvb0,NEGATIVE,1
Sun Aug 09 12:04:47 IST 2020,g0vao0e,NEUTRAL,1
Wed Aug 05 18:55:02 IST 2020,g0fwzeq,NEUTRAL,29
Wed Aug 05 23:58:29 IST 2020,g0h0d0u,NEUTRAL,3
Thu Aug 06 00:12:23 IST 2020,g0h24mi,NEUTRAL,2
Wed Aug 05 19:04:08 IST 2020,g0fy4vo,NEGATIVE,4
Wed Aug 05 20:30:33 IST 2020,g0g8zuo,NEUTRAL,20
Wed Aug 05 19:10:02 IST 2020,g0fyw7y,NEUTRAL,17
Fri Aug 07 04:08:07 IST 2020,g0m5e8r,NEUTRAL,1
Wed Aug 05 23:04:14 IST 2020,g0gtivz,NEUTRAL,-3
Wed Aug 05 23:52:52 IST 2020,g0gzncl,POSITIVE,21
Thu Aug 06 07:33:26 IST 2020,g0ijl2b,POSITIVE,3
Fri Aug 07 04:09:04 IST 2020,g0m5id1,NEGATIVE,1
Wed Aug 05 19:02:44 IST 2020,g0fxygs,NEUTRAL,7
Thu Aug 06 01:28:58 IST 2020,g0hcd24,NEUTRAL,3
Wed Aug 05 19:46:16 IST 2020,g0g3fca,NEUTRAL,10
Wed Aug 05 23:03:17 IST 2020,g0gte84,NEGATIVE,19
Thu Aug 06 07:35:26 IST 2020,g0ijt63,NEUTRAL,1
Thu Aug 06 08:54:06 IST 2020,g0is6ta,NEGATIVE,2
Thu Aug 06 21:55:33 IST 2020,g0ksjs1,NEGATIVE,1
Wed Aug 05 23:41:35 IST 2020,g0gy7wy,NEUTRAL,-2
Wed Aug 05 23:49:19 IST 2020,g0gz78p,POSITIVE,0
Thu Aug 06 08:39:02 IST 2020,g0iqnrv,POSITIVE,2
Thu Aug 06 08:44:36 IST 2020,g0ir84o,NEGATIVE,5
Thu Aug 06 18:55:21 IST 2020,g0k3fjy,NEUTRAL,2
Thu Aug 06 00:33:57 IST 2020,g0h4w30,NEUTRAL,3
Wed Aug 05 23:33:19 IST 2020,g0gx6uh,NEUTRAL,2
Wed Aug 05 20:29:55 IST 2020,g0g8wvt,NEUTRAL,2
Wed Aug 05 20:42:06 IST 2020,g0gamks,NEUTRAL,2
Wed Aug 05 22:39:54 IST 2020,g0gqbhi,POSITIVE,2
Thu Aug 06 00:47:00 IST 2020,g0h6l48,NEGATIVE,2
Wed Aug 05 22:39:42 IST 2020,g0gqalq,POSITIVE,2
Thu Aug 06 01:55:40 IST 2020,g0hg0y5,NEUTRAL,2
Thu Aug 06 02:14:21 IST 2020,g0hiffg,NEUTRAL,1
Thu Aug 06 04:10:40 IST 2020,g0hwqt3,NEGATIVE,1
Sun Aug 09 04:15:21 IST 2020,g0u21ry,NEGATIVE,1
Wed Aug 05 19:11:00 IST 2020,g0fz0pd,NEUTRAL,1
Wed Aug 05 21:19:16 IST 2020,g0gfu95,POSITIVE,13
Wed Aug 05 19:13:30 IST 2020,g0fzc4e,NEUTRAL,8
Tue Aug 04 00:03:44 IST 2020,g08nut6,NEUTRAL,12
Tue Aug 04 00:42:22 IST 2020,g08tuup,NEUTRAL,2
Thu Aug 06 05:40:13 IST 2020,g0i70hj,POSITIVE,1
Mon Aug 03 23:10:09 IST 2020,g08eimg,NEGATIVE,15
Mon Aug 03 23:13:28 IST 2020,g08f41q,NEUTRAL,5
Mon Aug 03 23:17:18 IST 2020,g08fu4k,NEGATIVE,9
Tue Aug 04 00:01:23 IST 2020,g08ngjz,POSITIVE,1
Tue Aug 04 00:41:00 IST 2020,g08tnfn,NEGATIVE,4
Tue Aug 04 00:11:38 IST 2020,g08p77u,NEUTRAL,2
Tue Aug 04 00:41:41 IST 2020,g08tr6b,NEGATIVE,1
Tue Aug 04 01:09:06 IST 2020,g08xw6h,POSITIVE,1
Tue Aug 04 01:22:05 IST 2020,g08zvpq,POSITIVE,1
Tue Aug 04 01:16:10 IST 2020,g08yyvb,NEUTRAL,2
Tue Aug 04 06:50:23 IST 2020,g0a316h,POSITIVE,1
Wed Aug 05 15:12:16 IST 2020,g0feowx,NEUTRAL,1
Thu Aug 06 03:02:55 IST 2020,g0hojr3,NEUTRAL,1
Thu Aug 06 04:27:14 IST 2020,g0hypcu,NEUTRAL,1
Thu Aug 06 06:21:31 IST 2020,g0iblom,POSITIVE,1
Thu Aug 06 10:47:48 IST 2020,g0j2buv,NEGATIVE,2
Mon Aug 03 23:27:37 IST 2020,g08hnk3,NEUTRAL,4
Tue Aug 04 01:42:19 IST 2020,g092ufb,NEUTRAL,3
Tue Aug 04 00:43:13 IST 2020,g08tzol,NEGATIVE,1
Tue Aug 04 00:44:41 IST 2020,g08u7oo,NEUTRAL,1
Tue Aug 04 00:46:14 IST 2020,g08ufza,NEGATIVE,2
Tue Aug 04 00:48:24 IST 2020,g08urp0,NEUTRAL,1
Tue Aug 04 00:48:34 IST 2020,g08usky,NEUTRAL,1
Tue Aug 04 00:51:32 IST 2020,g08v8x9,NEUTRAL,1
Wed Aug 05 00:53:24 IST 2020,g0d3kom,POSITIVE,1
Mon Aug 03 23:06:42 IST 2020,g08dxw3,NEUTRAL,3
Tue Aug 04 01:17:08 IST 2020,g08z44h,NEGATIVE,4
Tue Aug 04 00:32:54 IST 2020,g08sfqe,NEUTRAL,1
Tue Aug 04 00:46:42 IST 2020,g08uih7,NEUTRAL,6
Tue Aug 04 00:53:11 IST 2020,g08vi39,POSITIVE,3
Tue Aug 04 00:52:37 IST 2020,g08vex4,POSITIVE,1
Mon Aug 03 23:52:46 IST 2020,g08lz3j,NEUTRAL,1
Tue Aug 04 00:43:40 IST 2020,g08u23r,NEUTRAL,2
Tue Aug 04 07:07:45 IST 2020,g0a4yix,NEGATIVE,2
Tue Aug 04 18:26:36 IST 2020,g0bl51i,NEUTRAL,2
Tue Aug 04 18:44:52 IST 2020,g0bmttt,POSITIVE,1
Tue Aug 04 19:40:59 IST 2020,g0bsq9t,POSITIVE,2
Tue Aug 04 22:25:58 IST 2020,g0cg32x,POSITIVE,2
Tue Aug 04 01:32:33 IST 2020,g091gaa,NEUTRAL,1
Tue Aug 04 00:06:16 IST 2020,g08oaak,NEGATIVE,1
Sun Aug 02 02:28:59 IST 2020,g00t9b7,NEGATIVE,220
Sun Aug 02 02:34:18 IST 2020,g00ttik,NEUTRAL,58
Sun Aug 02 04:52:17 IST 2020,g0185f9,POSITIVE,22
Tue Aug 18 12:14:12 IST 2020,g1yhxp3,NEUTRAL,1
Tue Aug 18 18:47:33 IST 2020,g1z7rr4,NEUTRAL,1
Sun Aug 02 06:30:29 IST 2020,g01hxkw,NEGATIVE,12
Sun Aug 02 07:08:02 IST 2020,g01lmf1,NEUTRAL,8
Sun Aug 02 09:38:00 IST 2020,g01zsi3,NEGATIVE,5
Sun Aug 02 09:42:24 IST 2020,g020666,NEGATIVE,3
Sun Aug 02 10:05:46 IST 2020,g0224cc,NEGATIVE,2
Sun Aug 02 10:42:38 IST 2020,g024zh2,POSITIVE,5
Sun Aug 02 09:54:30 IST 2020,g0217dy,NEUTRAL,2
Sun Aug 02 09:56:40 IST 2020,g021dsp,NEUTRAL,3
Sun Aug 02 14:23:31 IST 2020,g02lrg3,NEUTRAL,1
Sun Aug 02 22:36:41 IST 2020,g04bm7x,NEUTRAL,1
Sun Aug 02 06:14:50 IST 2020,g01gd46,POSITIVE,4
Sun Aug 02 06:23:41 IST 2020,g01h8mr,NEGATIVE,2
Sun Aug 02 02:23:30 IST 2020,g00so0w,NEGATIVE,36
Sun Aug 02 02:32:31 IST 2020,g00tmrk,POSITIVE,13
Sun Aug 02 02:37:32 IST 2020,g00u5lu,NEGATIVE,35
Sun Aug 02 06:05:16 IST 2020,g01ff7x,NEUTRAL,2
Sun Aug 02 06:07:42 IST 2020,g01fnt5,NEUTRAL,3
Sun Aug 02 03:24:27 IST 2020,g00z3yv,NEUTRAL,3
Sun Aug 02 19:40:05 IST 2020,g03lg81,NEUTRAL,1
Sun Aug 02 21:56:34 IST 2020,g046bu8,NEGATIVE,0
Sun Aug 02 08:25:02 IST 2020,g01t2o7,NEGATIVE,4
Tue Aug 04 23:57:51 IST 2020,g0cun55,NEUTRAL,1
Sun Aug 02 02:32:16 IST 2020,g00tlsf,NEUTRAL,19
Sun Aug 02 04:39:40 IST 2020,g016v28,NEUTRAL,7
Mon Aug 03 03:45:49 IST 2020,g05cp7f,NEUTRAL,3
Sun Aug 02 02:42:03 IST 2020,g00umnu,NEUTRAL,2
Sun Aug 02 02:43:54 IST 2020,g00utod,NEGATIVE,12
Sun Aug 02 05:47:51 IST 2020,g01dpqm,NEUTRAL,2
Sun Aug 02 05:52:49 IST 2020,g01e7dy,NEUTRAL,3
Sun Aug 02 07:21:54 IST 2020,g01mzm3,NEGATIVE,0
Sun Aug 02 13:32:47 IST 2020,g02hd7n,NEUTRAL,1
Sun Aug 02 20:50:29 IST 2020,g03wjeu,NEUTRAL,1
Sun Aug 02 21:47:54 IST 2020,g0453gz,NEGATIVE,2
Sun Aug 02 22:02:24 IST 2020,g04757h,NEUTRAL,1
Mon Aug 03 00:56:25 IST 2020,g04tch7,NEUTRAL,1
Mon Aug 03 01:06:42 IST 2020,g04unic,NEGATIVE,1
Sun Aug 02 16:02:56 IST 2020,g02ujli,NEUTRAL,1
Sun Aug 02 02:33:50 IST 2020,g00trry,NEUTRAL,44
Sun Aug 02 02:39:26 IST 2020,g00ucow,POSITIVE,22
Sun Aug 02 02:40:15 IST 2020,g00ufvr,POSITIVE,7
Sun Aug 02 02:41:36 IST 2020,g00ukvq,NEGATIVE,5
Sun Aug 02 02:42:52 IST 2020,g00upr7,POSITIVE,3
Sun Aug 02 02:44:56 IST 2020,g00uxjf,NEUTRAL,3
Sun Aug 02 02:45:31 IST 2020,g00uzqb,NEUTRAL,3
Sun Aug 02 04:08:43 IST 2020,g013phm,NEUTRAL,1
Sun Aug 02 05:31:37 IST 2020,g01c3tc,POSITIVE,4
Sun Aug 02 09:48:16 IST 2020,g020om3,NEUTRAL,0
Sun Aug 02 07:24:13 IST 2020,g01n7ne,NEGATIVE,12
Sun Aug 02 07:29:51 IST 2020,g01nr3n,NEUTRAL,4
Sun Aug 02 02:34:20 IST 2020,g00ttoa,NEGATIVE,9
Sun Aug 02 02:38:09 IST 2020,g00u7xk,NEUTRAL,7
Sun Aug 02 02:45:05 IST 2020,g00uy3s,NEUTRAL,4
Sun Aug 02 04:23:29 IST 2020,g01580c,NEGATIVE,7
Sun Aug 02 13:26:50 IST 2020,g02guh1,NEUTRAL,4
Sun Aug 02 17:07:22 IST 2020,g030o9m,NEGATIVE,4
Sun Aug 02 03:03:05 IST 2020,g00wtjg,NEUTRAL,12
Sun Aug 02 04:00:15 IST 2020,g012u2o,NEGATIVE,7
Sun Aug 02 06:17:17 IST 2020,g01glyf,NEUTRAL,4
Sun Aug 02 07:49:44 IST 2020,g01po5o,NEGATIVE,2
Sun Aug 02 09:43:12 IST 2020,g0208oo,NEGATIVE,3
Sun Aug 02 09:18:59 IST 2020,g01y5lo,NEUTRAL,3
Sun Aug 02 09:27:43 IST 2020,g01ywsw,NEUTRAL,1
Sun Aug 02 12:58:47 IST 2020,g02ea9c,POSITIVE,1
Sun Aug 02 03:32:33 IST 2020,g00zykq,NEUTRAL,5
Sun Aug 02 03:16:17 IST 2020,g00y8ey,NEUTRAL,2
Sun Aug 02 03:41:07 IST 2020,g010usn,NEUTRAL,4
Sun Aug 02 04:10:40 IST 2020,g013wre,POSITIVE,2
Sun Aug 02 04:13:23 IST 2020,g0146sk,POSITIVE,2
Sun Aug 02 04:23:05 IST 2020,g0156jh,NEGATIVE,2
Sun Aug 02 04:31:48 IST 2020,g0162nd,POSITIVE,2
Sun Aug 02 04:34:50 IST 2020,g016dv8,NEGATIVE,2
Sun Aug 02 05:17:16 IST 2020,g01any9,NEUTRAL,1
Sun Aug 02 05:27:04 IST 2020,g01bna1,NEUTRAL,1
Sun Aug 02 05:54:16 IST 2020,g01ecg6,NEUTRAL,5
Sun Aug 02 04:40:41 IST 2020,g016yuk,NEGATIVE,2
Sun Aug 02 05:33:56 IST 2020,g01cc88,POSITIVE,2
Sun Aug 02 06:11:59 IST 2020,g01g33s,NEUTRAL,2
Sun Aug 02 06:15:46 IST 2020,g01gges,NEUTRAL,1
Sun Aug 02 06:25:56 IST 2020,g01hguh,NEUTRAL,2
Sun Aug 02 06:31:15 IST 2020,g01i0cy,NEUTRAL,2
Sun Aug 02 06:41:42 IST 2020,g01j1aw,POSITIVE,2
Sun Aug 02 06:29:59 IST 2020,g01hvr5,POSITIVE,2
Sun Aug 02 07:41:04 IST 2020,g01ottg,NEUTRAL,2
Sun Aug 02 08:30:43 IST 2020,g01tmep,NEUTRAL,2
Sun Aug 02 09:51:25 IST 2020,g020yc7,POSITIVE,2
Sun Aug 02 10:46:22 IST 2020,g0259rn,POSITIVE,2
Sun Aug 02 10:51:48 IST 2020,g025o7u,NEUTRAL,2
Sun Aug 02 22:07:13 IST 2020,g047r5u,NEUTRAL,2
Sun Aug 02 22:26:58 IST 2020,g04ae3k,NEGATIVE,3
Sun Aug 02 22:43:16 IST 2020,g04cf12,POSITIVE,2
Mon Aug 03 00:58:24 IST 2020,g04tluq,NEGATIVE,2
Thu Aug 06 00:53:16 IST 2020,g0h7geo,POSITIVE,2
Sun Aug 02 02:51:44 IST 2020,g00vnbw,NEUTRAL,1
Sun Aug 02 02:52:42 IST 2020,g00vqzh,NEUTRAL,3
Sun Aug 02 04:55:19 IST 2020,g018gke,NEUTRAL,1
Sun Aug 02 06:17:57 IST 2020,g01gofy,NEUTRAL,1
Sun Aug 02 06:25:26 IST 2020,g01hf1x,POSITIVE,2
Sun Aug 02 04:31:09 IST 2020,g01605d,NEUTRAL,1
Sun Aug 02 05:18:37 IST 2020,g01aszf,NEUTRAL,3
Sun Aug 02 05:41:10 IST 2020,g01d1w0,POSITIVE,3
Sun Aug 02 04:44:19 IST 2020,g017c31,NEUTRAL,1
Sun Aug 02 04:47:40 IST 2020,g017ogx,NEUTRAL,1
Sun Aug 02 04:49:27 IST 2020,g017v4p,NEUTRAL,1
Sun Aug 02 04:52:01 IST 2020,g0184i7,NEUTRAL,1
Sun Aug 02 04:59:43 IST 2020,g018win,POSITIVE,1
Sun Aug 02 05:07:58 IST 2020,g019q4t,NEUTRAL,1
Sun Aug 02 05:29:39 IST 2020,g01bwnv,NEUTRAL,1
Sun Aug 02 05:32:43 IST 2020,g01c7v8,NEUTRAL,2
Sun Aug 02 06:00:09 IST 2020,g01ewxt,NEGATIVE,1
Sun Aug 02 06:08:18 IST 2020,g01fpzl,NEUTRAL,1
Sun Aug 02 05:59:03 IST 2020,g01et00,NEUTRAL,1
Sun Aug 02 06:07:12 IST 2020,g01fm2t,NEUTRAL,2
Sun Aug 02 08:09:22 IST 2020,g01rjvq,POSITIVE,1
Sun Aug 02 06:12:14 IST 2020,g01g41j,NEUTRAL,1
Sun Aug 02 06:13:29 IST 2020,g01g8g5,NEUTRAL,1
Sun Aug 02 06:14:01 IST 2020,g01gabk,POSITIVE,2
Sun Aug 02 06:18:37 IST 2020,g01gqsc,NEGATIVE,1
Sun Aug 02 06:50:47 IST 2020,g01jxaq,NEUTRAL,1
Sun Aug 02 06:58:36 IST 2020,g01kovm,NEUTRAL,1
Sun Aug 02 07:00:48 IST 2020,g01kwr9,POSITIVE,2
Sun Aug 02 09:34:34 IST 2020,g01zhvl,NEUTRAL,2
Sun Aug 02 09:47:08 IST 2020,g020l2u,NEGATIVE,5
Sun Aug 02 21:17:16 IST 2020,g040ffr,NEUTRAL,2
Sun Aug 02 21:49:33 IST 2020,g045c81,POSITIVE,2
Sun Aug 02 22:30:19 IST 2020,g04at4e,POSITIVE,1
Sun Aug 02 09:44:45 IST 2020,g020dms,NEUTRAL,3
Sun Aug 02 10:25:01 IST 2020,g023n2k,NEGATIVE,1
Sun Aug 02 10:52:53 IST 2020,g025r3g,NEUTRAL,1
Sun Aug 02 11:08:47 IST 2020,g026wo2,NEUTRAL,1
Sun Aug 02 11:27:12 IST 2020,g0287in,NEUTRAL,2
Sun Aug 02 19:55:58 IST 2020,g03o31f,NEGATIVE,1
Sun Aug 02 21:25:01 IST 2020,g041k06,POSITIVE,1
Sun Aug 02 23:27:53 IST 2020,g04hq2v,NEUTRAL,1
Mon Aug 03 00:59:46 IST 2020,g04tsdc,NEUTRAL,1
Mon Aug 03 01:33:13 IST 2020,g04xove,NEUTRAL,1
Mon Aug 03 01:35:49 IST 2020,g04xzbn,POSITIVE,1
Mon Aug 03 03:53:40 IST 2020,g05dk5m,NEUTRAL,1
Mon Aug 03 07:14:36 IST 2020,g05y4rl,NEUTRAL,1
Sun Aug 02 05:00:05 IST 2020,g018xsb,VERY_POSITIVE,1
Sun Aug 02 21:31:12 IST 2020,g042k07,NEUTRAL,1
Sun Aug 02 03:20:21 IST 2020,g00yo6t,NEUTRAL,-6
Sun Aug 02 03:25:38 IST 2020,g00z8i7,NEUTRAL,8
Sun Aug 02 03:31:53 IST 2020,g00zw2u,NEGATIVE,-2
Sun Aug 02 03:40:35 IST 2020,g010srv,NEUTRAL,4
Sun Aug 02 04:05:06 IST 2020,g013c3z,NEGATIVE,4
Sun Aug 02 04:19:30 IST 2020,g014tci,NEGATIVE,-6
Sun Aug 02 20:03:44 IST 2020,g03pc4k,NEGATIVE,3
Sun Aug 02 21:22:01 IST 2020,g0413pe,NEUTRAL,1
Sun Aug 02 04:18:22 IST 2020,g014p4n,POSITIVE,-2
Sun Aug 02 04:25:12 IST 2020,g015efl,NEUTRAL,3
Sun Aug 02 04:28:03 IST 2020,g015out,NEUTRAL,-3
Sun Aug 02 05:16:46 IST 2020,g01am41,NEUTRAL,6
Sun Aug 02 05:24:00 IST 2020,g01bc6l,POSITIVE,-3
Sun Aug 02 04:27:27 IST 2020,g015mob,NEUTRAL,-2
Sun Aug 02 03:39:03 IST 2020,g010n0k,NEUTRAL,1
Sun Aug 02 04:19:25 IST 2020,g014t0u,NEUTRAL,2
Sun Aug 02 04:43:05 IST 2020,g0177l5,NEGATIVE,0
Wed Aug 05 19:53:16 IST 2020,g0g49do,NEUTRAL,2
Wed Aug 05 20:12:19 IST 2020,g0g6jgz,NEUTRAL,0
Wed Aug 05 20:18:21 IST 2020,g0g7ad0,NEGATIVE,1
Wed Aug 05 20:24:39 IST 2020,g0g85r2,NEGATIVE,0
Sun Aug 02 15:16:01 IST 2020,g02qb6o,NEUTRAL,0
Sun Aug 02 04:27:02 IST 2020,g015l3o,NEUTRAL,0
Sun Aug 02 06:09:05 IST 2020,g01fsv1,NEGATIVE,-3
Sun Aug 02 09:30:51 IST 2020,g01z6br,NEUTRAL,5
Tue Aug 04 23:17:57 IST 2020,g0cofgh,NEGATIVE,2
Sun Aug 02 08:03:25 IST 2020,g01qyzu,NEGATIVE,4
Sun Aug 02 06:11:15 IST 2020,g01g0h2,NEUTRAL,3
Sun Aug 02 07:25:12 IST 2020,g01nb10,POSITIVE,1
Sun Aug 02 07:13:05 IST 2020,g01m4ra,NEUTRAL,-7
Sun Aug 02 15:11:33 IST 2020,g02pynm,NEUTRAL,5
Sun Aug 02 07:16:06 IST 2020,g01mffa,POSITIVE,3
Sun Aug 02 02:21:57 IST 2020,g00si2t,NEUTRAL,-7
Sun Aug 02 02:24:03 IST 2020,g00sq10,NEUTRAL,8
Sun Aug 02 05:02:22 IST 2020,g01964l,NEUTRAL,-3
Sun Aug 02 05:15:37 IST 2020,g01ahu1,NEUTRAL,2
Sun Aug 02 11:39:05 IST 2020,g0290c7,NEUTRAL,1
Tue Aug 04 02:58:46 IST 2020,g09ci9f,NEGATIVE,-1
Tue Aug 04 02:59:15 IST 2020,g09ck9q,NEUTRAL,2
Sun Aug 02 09:52:01 IST 2020,g02105g,POSITIVE,-2
Sun Aug 02 09:52:51 IST 2020,g0212m8,POSITIVE,2
Sun Aug 02 11:04:36 IST 2020,g026lu6,NEGATIVE,-1
Sun Aug 02 11:10:41 IST 2020,g0271ng,NEUTRAL,2
Sun Aug 02 21:14:42 IST 2020,g04027l,NEUTRAL,2
Sun Aug 02 11:29:12 IST 2020,g028cgm,NEUTRAL,-4
Sun Aug 02 11:38:54 IST 2020,g028zwh,NEUTRAL,3
Sun Aug 02 15:56:08 IST 2020,g02ttg9,NEUTRAL,2
Sun Aug 02 17:25:19 IST 2020,g032pud,NEUTRAL,4
Mon Aug 03 03:19:32 IST 2020,g059q42,NEGATIVE,1
Mon Aug 03 03:21:08 IST 2020,g059wpf,NEUTRAL,2
Mon Aug 03 02:47:32 IST 2020,g056321,NEUTRAL,2
Mon Aug 03 02:55:28 IST 2020,g056z79,NEUTRAL,1
Thu Jul 30 02:17:12 IST 2020,fznqreb,NEGATIVE,2
Thu Jul 30 02:26:21 IST 2020,fznrwei,NEGATIVE,2
Thu Jul 30 02:40:22 IST 2020,fzntlbk,POSITIVE,1
Sun Aug 02 05:35:58 IST 2020,g01cjcu,NEUTRAL,2
Thu Jul 30 04:06:27 IST 2020,fzo3uoz,NEGATIVE,1
Thu Jul 30 07:17:08 IST 2020,fzoovyb,NEUTRAL,2
Thu Jul 30 20:07:44 IST 2020,fzqdu8s,NEGATIVE,2
Thu Jul 30 07:21:09 IST 2020,fzopbji,NEUTRAL,1
Thu Jul 30 23:42:46 IST 2020,fzr6lnz,NEGATIVE,1
Thu Jul 30 23:49:24 IST 2020,fzr7opc,POSITIVE,1
Sun Aug 02 05:29:20 IST 2020,g01bvj2,NEGATIVE,1
Fri Jul 31 03:50:06 IST 2020,fzsppdb,NEUTRAL,1
Sun Aug 02 05:39:32 IST 2020,g01cvzl,NEUTRAL,1
Sat Aug 01 05:18:10 IST 2020,fzxllbz,NEUTRAL,1
Sun Aug 02 05:55:32 IST 2020,g01egvi,NEGATIVE,2
Sun Aug 02 06:25:47 IST 2020,g01hgbo,NEGATIVE,1
Wed Jul 29 16:59:43 IST 2020,fzm0sae,POSITIVE,20
Wed Jul 29 17:03:32 IST 2020,fzm121q,NEUTRAL,3
Wed Jul 29 17:42:48 IST 2020,fzm40er,NEGATIVE,13
Wed Jul 29 18:55:07 IST 2020,fzmagik,NEUTRAL,3
Wed Jul 29 19:38:44 IST 2020,fzmexpj,POSITIVE,3
Wed Jul 29 23:21:23 IST 2020,fzn4lcl,NEGATIVE,3
Wed Jul 29 19:53:21 IST 2020,fzmginw,NEUTRAL,2
Wed Jul 29 20:53:14 IST 2020,fzmn7e2,NEUTRAL,2
Wed Jul 29 20:55:51 IST 2020,fzmnhsy,NEGATIVE,2
Wed Jul 29 21:01:28 IST 2020,fzmo4bs,NEUTRAL,2
Wed Jul 29 21:05:26 IST 2020,fzmok4h,NEGATIVE,2
Thu Jul 30 20:04:43 IST 2020,fzqdhe0,NEUTRAL,2
Fri Jul 31 00:36:27 IST 2020,fzrgrpr,NEUTRAL,0
Wed Jul 29 17:14:21 IST 2020,fzm1udp,NEUTRAL,6
Wed Jul 29 17:17:05 IST 2020,fzm21oy,NEUTRAL,3
Wed Jul 29 17:40:49 IST 2020,fzm3urd,NEGATIVE,2
Wed Jul 29 17:33:16 IST 2020,fzm39p6,NEUTRAL,6
Wed Jul 29 21:36:52 IST 2020,fzms2m4,NEGATIVE,3
Wed Jul 29 17:37:46 IST 2020,fzm3lz0,NEUTRAL,2
Thu Jul 30 01:50:05 IST 2020,fznncse,NEUTRAL,1
Thu Jul 30 04:14:02 IST 2020,fzo4pxe,NEGATIVE,1
Wed Jul 29 17:19:59 IST 2020,fzm29fc,NEUTRAL,5
Wed Jul 29 20:32:14 IST 2020,fzmkvej,POSITIVE,1
Wed Jul 29 19:09:28 IST 2020,fzmbwb6,NEGATIVE,3
Wed Jul 29 19:37:39 IST 2020,fzmetik,NEUTRAL,2
Wed Jul 29 19:53:34 IST 2020,fzmgjj9,NEUTRAL,3
Wed Jul 29 19:54:32 IST 2020,fzmgnde,NEUTRAL,1
Wed Jul 29 20:33:58 IST 2020,fzml2g9,NEUTRAL,3
Wed Jul 29 20:23:50 IST 2020,fzmjx93,POSITIVE,2
Wed Jul 29 20:31:40 IST 2020,fzmkszq,NEGATIVE,0
Wed Jul 29 21:23:33 IST 2020,fzmql21,NEGATIVE,2
Wed Jul 29 21:28:18 IST 2020,fzmr45y,NEUTRAL,1
Thu Jul 30 01:53:27 IST 2020,fznnrz3,NEUTRAL,1
Thu Jul 30 03:48:55 IST 2020,fzo1sv6,NEGATIVE,1
Thu Jul 30 13:09:43 IST 2020,fzpidg5,NEGATIVE,1
Thu Jul 30 13:57:10 IST 2020,fzpl8la,NEGATIVE,1
Wed Jul 29 17:42:53 IST 2020,fzm40ou,NEUTRAL,2
Wed Jul 29 19:36:27 IST 2020,fzmeovm,NEGATIVE,2
Wed Jul 29 21:30:27 IST 2020,fzmrcti,POSITIVE,1
Wed Jul 29 18:10:07 IST 2020,fzm6agr,POSITIVE,2
Wed Jul 29 18:56:53 IST 2020,fzmamwf,NEUTRAL,2
Wed Jul 29 19:25:16 IST 2020,fzmdih2,NEUTRAL,2
Wed Jul 29 20:54:16 IST 2020,fzmnbh4,NEGATIVE,3
Thu Jul 30 00:23:05 IST 2020,fzncb79,NEUTRAL,2
Wed Jul 29 18:15:50 IST 2020,fzm6snd,NEUTRAL,1
Wed Jul 29 19:33:16 IST 2020,fzmecnn,NEGATIVE,1
Fri Jul 24 00:29:04 IST 2020,fz0c2n0,NEUTRAL,5
Fri Jul 24 00:33:33 IST 2020,fz0cnlv,NEUTRAL,1
Fri Jul 24 00:40:03 IST 2020,fz0dhgv,NEUTRAL,3
Fri Jul 24 01:43:26 IST 2020,fz0lo8r,NEUTRAL,6
Sat Jul 25 03:36:20 IST 2020,fz4y7o8,POSITIVE,1
Fri Jul 24 00:50:05 IST 2020,fz0ern8,NEGATIVE,6
Fri Jul 24 01:57:56 IST 2020,fz0nine,NEUTRAL,1
Fri Jul 24 02:03:23 IST 2020,fz0o77j,POSITIVE,4
Fri Jul 24 01:08:39 IST 2020,fz0h5ot,NEUTRAL,-2
Fri Jul 24 01:27:53 IST 2020,fz0jo3a,NEGATIVE,9
Fri Jul 24 01:39:33 IST 2020,fz0l6ez,NEUTRAL,2
Fri Jul 24 01:08:55 IST 2020,fz0h6zv,NEGATIVE,2
Fri Jul 24 01:11:50 IST 2020,fz0hkly,NEGATIVE,2
Fri Jul 24 00:11:19 IST 2020,fz09r50,NEUTRAL,1
Fri Jul 24 00:16:10 IST 2020,fz0ae2s,NEUTRAL,2
Fri Jul 24 00:24:34 IST 2020,fz0bhpw,NEUTRAL,2
Fri Jul 24 00:15:42 IST 2020,fz0abvm,NEGATIVE,0
Fri Jul 24 00:21:01 IST 2020,fz0b14g,NEUTRAL,-5
Fri Jul 24 02:25:10 IST 2020,fz0qw4z,NEGATIVE,9
Fri Jul 24 01:27:05 IST 2020,fz0jkcc,NEUTRAL,1
Fri Jul 24 01:34:54 IST 2020,fz0kku9,NEUTRAL,0
Fri Jul 24 00:12:59 IST 2020,fz09z12,POSITIVE,0
Fri Jul 24 00:19:23 IST 2020,fz0ata6,NEUTRAL,1
Wed Jul 22 15:03:12 IST 2020,fyuuvfv,NEGATIVE,36
Wed Jul 22 18:49:23 IST 2020,fyvb4aq,NEGATIVE,22
Wed Jul 22 15:40:45 IST 2020,fyux3js,NEGATIVE,48
Wed Jul 22 21:03:38 IST 2020,fyvq0ts,POSITIVE,22
Thu Jul 23 01:17:52 IST 2020,fywm8tp,NEUTRAL,6
Wed Jul 22 20:39:12 IST 2020,fyvn3h1,NEUTRAL,23
Thu Jul 23 03:54:22 IST 2020,fyx5d73,NEGATIVE,8
Wed Jul 22 18:09:52 IST 2020,fyv7hjm,POSITIVE,4
Thu Jul 23 01:23:29 IST 2020,fywmyxa,NEGATIVE,4
Thu Jul 23 01:44:11 IST 2020,fywppqe,NEUTRAL,1
Wed Jul 22 16:00:10 IST 2020,fyuy9as,NEUTRAL,35
Wed Jul 22 16:10:28 IST 2020,fyuyvs9,NEUTRAL,23
Wed Jul 22 16:02:48 IST 2020,fyuyexj,NEUTRAL,36
Wed Jul 22 16:10:44 IST 2020,fyuywff,NEGATIVE,8
Thu Jul 23 03:26:15 IST 2020,fyx2flw,NEUTRAL,3
Thu Jul 23 04:51:27 IST 2020,fyxbkl3,NEUTRAL,2
Thu Jul 23 05:54:37 IST 2020,fyxidvg,NEUTRAL,3
Thu Jul 23 08:02:56 IST 2020,fyxvrkc,NEUTRAL,3
Thu Jul 23 05:33:44 IST 2020,fyxg4mc,POSITIVE,2
Thu Jul 23 06:09:12 IST 2020,fyxjxwz,POSITIVE,3
Thu Jul 23 07:35:27 IST 2020,fyxsyu5,NEUTRAL,2
Wed Jul 22 14:58:45 IST 2020,fyuum4a,POSITIVE,53
Wed Jul 22 20:17:13 IST 2020,fyvkio9,NEGATIVE,13
Wed Jul 22 18:20:10 IST 2020,fyv8e9x,NEUTRAL,12
Thu Jul 23 05:09:52 IST 2020,fyxdk7a,NEUTRAL,7
Thu Jul 23 08:43:35 IST 2020,fyxzt9p,POSITIVE,2
Wed Jul 22 19:59:11 IST 2020,fyvig5i,POSITIVE,7
Wed Jul 22 21:34:13 IST 2020,fyvts4e,POSITIVE,7
Thu Jul 23 00:07:16 IST 2020,fywd5ne,NEUTRAL,5
Wed Jul 22 20:56:45 IST 2020,fyvp6yr,NEUTRAL,8
Wed Jul 22 19:51:14 IST 2020,fyvhju5,POSITIVE,4
Wed Jul 22 14:30:31 IST 2020,fyusyii,NEUTRAL,17
Wed Jul 22 14:38:55 IST 2020,fyutg6p,NEUTRAL,6
Wed Jul 22 19:04:49 IST 2020,fyvcmms,POSITIVE,5
Thu Jul 23 01:31:27 IST 2020,fywo1ur,NEUTRAL,1
Wed Jul 22 17:06:57 IST 2020,fyv2lkj,NEUTRAL,11
Wed Jul 22 17:12:59 IST 2020,fyv30us,NEGATIVE,21
Wed Jul 22 17:17:46 IST 2020,fyv3d76,NEUTRAL,1
Thu Jul 23 00:22:56 IST 2020,fywf5du,NEGATIVE,6
Wed Jul 22 18:45:09 IST 2020,fyvapkx,NEGATIVE,-2
Wed Jul 22 20:44:43 IST 2020,fyvnr6z,NEUTRAL,9
Wed Jul 22 20:48:15 IST 2020,fyvo6er,NEUTRAL,-6
Thu Jul 23 04:56:35 IST 2020,fyxc4ra,NEGATIVE,2
Wed Jul 22 19:08:28 IST 2020,fyvcztg,NEUTRAL,9
Thu Jul 23 01:21:56 IST 2020,fywmrfe,NEGATIVE,2
Wed Jul 22 17:28:44 IST 2020,fyv46g5,POSITIVE,11
Wed Jul 22 19:06:40 IST 2020,fyvct8s,NEUTRAL,3
Wed Jul 22 23:11:09 IST 2020,fyw5vfq,NEUTRAL,0
Thu Jul 23 03:33:00 IST 2020,fyx35tv,NEUTRAL,3
Thu Jul 23 05:57:20 IST 2020,fyxiob2,POSITIVE,4
Thu Jul 23 06:12:46 IST 2020,fyxkbgi,NEUTRAL,3
Wed Jul 22 16:05:34 IST 2020,fyuyl0g,NEGATIVE,4
Wed Jul 22 16:08:44 IST 2020,fyuyrxk,NEUTRAL,5
Thu Jul 23 09:05:18 IST 2020,fyy1up8,NEUTRAL,2
Wed Jul 22 18:15:57 IST 2020,fyv80p1,NEGATIVE,4
Wed Jul 22 23:31:36 IST 2020,fyw8lq7,NEUTRAL,2
Thu Jul 23 04:57:56 IST 2020,fyxca2d,NEGATIVE,1
Thu Jul 23 05:54:19 IST 2020,fyxicop,NEUTRAL,1
Thu Jul 23 08:10:21 IST 2020,fyxwips,NEGATIVE,1
Thu Jul 23 08:35:31 IST 2020,fyxz1e4,NEUTRAL,1
Thu Jul 23 08:36:29 IST 2020,fyxz4od,NEUTRAL,1
Thu Jul 23 09:01:41 IST 2020,fyy1in5,NEGATIVE,1
Thu Jul 23 09:12:07 IST 2020,fyy2hcc,NEUTRAL,1
Thu Jul 23 12:01:39 IST 2020,fyyfnya,NEUTRAL,1
Thu Jul 23 22:43:58 IST 2020,fyzy7ag,NEUTRAL,1
Thu Jul 23 00:29:09 IST 2020,fywfz06,NEUTRAL,2
Thu Jul 23 00:51:44 IST 2020,fywiuvh,NEUTRAL,2
Thu Jul 23 01:00:33 IST 2020,fywk04d,NEUTRAL,2
Thu Jul 23 01:29:59 IST 2020,fywnuqc,NEUTRAL,2
Thu Jul 23 06:08:13 IST 2020,fyxju5d,NEGATIVE,2
Thu Jul 23 11:27:53 IST 2020,fyydct8,POSITIVE,2
Thu Jul 23 17:12:56 IST 2020,fyyysui,NEGATIVE,2
Wed Jul 22 23:48:20 IST 2020,fywaqea,NEUTRAL,5
Thu Jul 23 08:38:00 IST 2020,fyxz9u5,NEUTRAL,3
Thu Jul 23 00:41:00 IST 2020,fywhhiw,NEUTRAL,0
Thu Jul 23 03:04:37 IST 2020,fywzyk4,POSITIVE,0
Thu Jul 23 06:07:43 IST 2020,fyxjs75,NEUTRAL,2
Wed Jul 22 21:50:44 IST 2020,fyvvsln,NEUTRAL,2
Wed Jul 22 23:09:19 IST 2020,fyw5mxj,NEGATIVE,2
Wed Jul 22 18:30:58 IST 2020,fyv9e4i,NEUTRAL,1
Wed Jul 22 19:42:18 IST 2020,fyvgkkj,NEUTRAL,1
Wed Jul 22 20:35:53 IST 2020,fyvmp6i,NEGATIVE,1
Wed Jul 22 21:11:50 IST 2020,fyvr0ta,NEGATIVE,1
Wed Jul 22 21:33:38 IST 2020,fyvtpit,NEUTRAL,1
Thu Jul 23 00:28:04 IST 2020,fywftyv,POSITIVE,1
Thu Jul 23 00:57:09 IST 2020,fywjk8s,POSITIVE,1
Thu Jul 23 02:47:54 IST 2020,fywxy0h,NEUTRAL,1
Thu Jul 23 03:55:24 IST 2020,fyx5h4g,POSITIVE,1
Thu Jul 23 04:15:28 IST 2020,fyx7mlu,NEGATIVE,1
Thu Jul 23 08:41:36 IST 2020,fyxzmdf,NEUTRAL,1
Thu Jul 23 09:47:39 IST 2020,fyy5n9q,NEUTRAL,1
Thu Jul 23 10:57:48 IST 2020,fyyb6al,NEUTRAL,1
Thu Jul 23 11:26:24 IST 2020,fyyd93x,NEGATIVE,1
Thu Jul 23 13:09:52 IST 2020,fyyjzxr,NEUTRAL,1
Thu Jul 23 21:33:18 IST 2020,fyzp48r,POSITIVE,1
Thu Jul 23 22:07:51 IST 2020,fyztgcd,NEUTRAL,1
Fri Jul 24 01:32:36 IST 2020,fz0ka93,NEUTRAL,1
Sun Jul 26 17:59:42 IST 2020,fzanrzh,POSITIVE,1
Wed Jul 22 19:36:05 IST 2020,fyvfwdo,POSITIVE,1
Thu Jul 23 00:39:24 IST 2020,fywha7g,POSITIVE,1
Wed Jul 22 20:31:52 IST 2020,fyvm89c,VERY_POSITIVE,1
Wed Jul 22 14:45:09 IST 2020,fyuttid,NEUTRAL,1
Wed Jul 22 20:49:55 IST 2020,fyvodo1,NEUTRAL,0
Wed Jul 22 23:18:09 IST 2020,fyw6sny,NEGATIVE,7
Wed Jul 29 00:26:45 IST 2020,fzjh9s6,NEUTRAL,1
Wed Jul 22 15:59:43 IST 2020,fyuy8bn,NEUTRAL,-2
Wed Jul 22 14:35:00 IST 2020,fyut7tr,POSITIVE,-4
Wed Jul 22 16:23:42 IST 2020,fyuzp9q,POSITIVE,-2
Wed Jul 22 22:21:14 IST 2020,fyvzkkn,POSITIVE,0
Thu Jul 23 00:40:14 IST 2020,fywhdyo,NEUTRAL,2
Thu Jul 23 05:12:07 IST 2020,fyxdsxt,NEUTRAL,-1
Thu Jul 23 06:36:04 IST 2020,fyxms51,POSITIVE,1
Thu Jul 23 17:23:53 IST 2020,fyyzlxm,NEGATIVE,0
Thu Jul 23 14:14:08 IST 2020,fyynojk,NEUTRAL,-1
Wed Jul 22 12:40:53 IST 2020,fyumdxn,NEUTRAL,41
Wed Jul 22 23:30:09 IST 2020,fyw8ewz,POSITIVE,10
Wed Jul 22 20:43:13 IST 2020,fyvnks8,NEUTRAL,3
Wed Jul 22 20:48:45 IST 2020,fyvo8l0,NEUTRAL,1
Wed Jul 22 21:42:23 IST 2020,fyvurw5,NEUTRAL,1
Thu Jul 23 00:41:54 IST 2020,fywhlr1,NEGATIVE,3
Thu Jul 23 06:20:31 IST 2020,fyxl52g,NEGATIVE,0
Thu Jul 23 06:30:40 IST 2020,fyxm7uv,NEGATIVE,1
Thu Jul 23 06:32:31 IST 2020,fyxmevw,NEUTRAL,-1
Thu Jul 23 07:41:34 IST 2020,fyxtliq,NEGATIVE,2
Thu Jul 23 07:42:54 IST 2020,fyxtqfv,NEUTRAL,-1
Thu Jul 23 08:08:06 IST 2020,fyxwajt,NEGATIVE,-1
Wed Jul 22 13:01:28 IST 2020,fyunnwz,NEUTRAL,-6
Wed Jul 22 13:12:06 IST 2020,fyuobf2,NEUTRAL,2
Wed Jul 22 13:36:55 IST 2020,fyuptjt,NEUTRAL,-3
Wed Jul 22 20:46:17 IST 2020,fyvnxws,NEGATIVE,2
Wed Jul 22 20:26:14 IST 2020,fyvlkg5,NEUTRAL,1
Wed Jul 22 16:01:09 IST 2020,fyuybet,NEUTRAL,-5
Wed Jul 22 23:48:18 IST 2020,fywaqa2,NEUTRAL,1
Wed Jul 22 16:56:50 IST 2020,fyv1vuo,NEUTRAL,11
Wed Jul 22 21:32:21 IST 2020,fyvtjp9,NEGATIVE,0
Wed Jul 22 21:39:10 IST 2020,fyvudrn,NEGATIVE,5
Wed Jul 22 22:07:48 IST 2020,fyvxwfu,POSITIVE,-2
Thu Jul 23 00:53:21 IST 2020,fywj2go,NEGATIVE,3
Thu Jul 23 02:32:47 IST 2020,fyww28b,POSITIVE,3
Thu Jul 23 02:59:54 IST 2020,fywzee2,NEUTRAL,1
Thu Jul 23 03:02:49 IST 2020,fywzqtt,NEUTRAL,5
Wed Jul 22 12:44:29 IST 2020,fyumm82,NEUTRAL,2
Thu Jul 23 00:01:45 IST 2020,fywcg72,NEUTRAL,5
Thu Jul 23 00:13:30 IST 2020,fywdy2o,POSITIVE,1
Thu Jul 23 00:15:57 IST 2020,fywe980,NEUTRAL,7
Thu Jul 23 13:33:27 IST 2020,fyylaqr,NEUTRAL,1
Thu Jul 23 13:37:05 IST 2020,fyyli0e,NEGATIVE,1
Wed Jul 22 15:06:05 IST 2020,fyuv1i6,NEUTRAL,1
Wed Jul 22 17:15:39 IST 2020,fyv37sg,NEGATIVE,1
Wed Jul 22 21:31:31 IST 2020,fyvtfzr,NEUTRAL,1
Thu Jul 23 07:27:24 IST 2020,fyxs4tc,NEUTRAL,1
Wed Jul 22 11:24:27 IST 2020,fyuhasi,NEGATIVE,2
Thu Jul 23 13:44:49 IST 2020,fyyly5j,NEGATIVE,1
Wed Jul 22 13:25:54 IST 2020,fyup5pw,NEUTRAL,1
Wed Jul 22 11:31:44 IST 2020,fyuht08,NEUTRAL,0
Wed Jul 22 11:45:50 IST 2020,fyuird6,NEUTRAL,-1
Wed Jul 22 19:06:25 IST 2020,fyvcsa5,NEUTRAL,0
Wed Jul 22 19:40:51 IST 2020,fyvget9,NEGATIVE,1
Wed Jul 22 19:46:55 IST 2020,fyvh2n7,NEGATIVE,1
Wed Jul 22 12:01:54 IST 2020,fyuju3o,NEUTRAL,-1
Wed Jul 22 11:32:21 IST 2020,fyuhuhy,NEGATIVE,-4
Wed Jul 22 12:45:59 IST 2020,fyumpkx,NEGATIVE,7
Wed Jul 22 12:58:42 IST 2020,fyunhr1,POSITIVE,-6
Wed Jul 22 13:00:25 IST 2020,fyunlj0,NEGATIVE,7
Wed Jul 22 13:22:47 IST 2020,fyuoyub,NEGATIVE,-2
Wed Jul 22 20:39:25 IST 2020,fyvn4gm,NEUTRAL,1
Thu Jul 23 04:47:30 IST 2020,fyxb4qw,POSITIVE,1
Wed Jul 22 22:46:16 IST 2020,fyw2p4s,POSITIVE,2
Wed Jul 22 11:40:50 IST 2020,fyuif63,NEUTRAL,-5
Wed Jul 22 11:45:10 IST 2020,fyuipq1,NEUTRAL,6
Wed Jul 22 12:06:57 IST 2020,fyuk6if,NEUTRAL,3
Wed Jul 22 12:45:43 IST 2020,fyumoyc,POSITIVE,-3
Wed Jul 22 14:33:23 IST 2020,fyut4hm,NEUTRAL,2
Wed Jul 22 18:05:29 IST 2020,fyv7437,NEGATIVE,4
Thu Jul 23 06:22:34 IST 2020,fyxld1q,NEUTRAL,0
Thu Jul 23 06:24:46 IST 2020,fyxllhw,NEGATIVE,1
Thu Jul 23 06:27:09 IST 2020,fyxlul2,NEUTRAL,0
Thu Jul 23 06:31:19 IST 2020,fyxma99,NEGATIVE,1
Thu Jul 23 06:22:28 IST 2020,fyxlcn9,NEUTRAL,0
Wed Jul 22 12:57:25 IST 2020,fyunesw,NEGATIVE,1
Wed Jul 22 17:02:15 IST 2020,fyv29jh,NEGATIVE,4
Wed Jul 22 12:02:36 IST 2020,fyujvto,NEGATIVE,-4
Wed Jul 22 12:50:25 IST 2020,fyumzgl,NEUTRAL,4
Wed Jul 22 14:12:07 IST 2020,fyurw8g,NEUTRAL,2
Wed Jul 22 20:47:02 IST 2020,fyvo15f,NEUTRAL,1
Wed Jul 22 20:55:45 IST 2020,fyvp2nt,NEUTRAL,0
Wed Jul 22 21:12:02 IST 2020,fyvr1qz,NEGATIVE,1
Thu Jul 23 00:38:03 IST 2020,fywh40o,NEGATIVE,0
Thu Jul 23 01:12:31 IST 2020,fywlkd9,NEUTRAL,1
Wed Jul 22 18:10:24 IST 2020,fyv7j7w,NEGATIVE,0
Wed Jul 22 12:03:20 IST 2020,fyujxo5,NEGATIVE,-5
Wed Jul 22 12:47:04 IST 2020,fyumrzp,NEUTRAL,1
Wed Jul 22 13:10:49 IST 2020,fyuo8od,NEGATIVE,2
Wed Jul 22 13:37:36 IST 2020,fyupv1a,NEGATIVE,1
Wed Jul 22 18:34:43 IST 2020,fyv9qjq,NEUTRAL,0
Wed Jul 22 18:40:58 IST 2020,fyvabia,NEUTRAL,0
